category,items,Alcampo,Mercadona,Dia,Consum,Bonpreu Esclat,Carrefour,Caprabo,Condis,Ametller Origen
Seeds,4,1.72,2.17,2.05,1.98,1.97,1.91,2.06,2.03,2.09
Starches,2,2.42,2.63,2.59,2.83,1.97,3.84,2.50,1.99,2.35
Veggies,8,2.54,2.85,3.29,3.12,2.38,3.05,2.43,2.85,3.56
Fruit,4,1.92,2.16,2.29,2.64,3.09,2.19,3.06,2.81,3.22
Avocado,1,4.98,4.70,3.76,5.30,5.29,4.99,4.99,7.98,4.58
Nuts,3,14.34,15.17,14.42,13.76,13.97,12.94,18.34,15.46,15.31
Meat,3,6.16,5.27,7.16,5.82,8.28,5.44,6.05,8.90,9.99
Yogurt,1,1.40,1.33,1.32,1.50,1.34,1.40,2.00,1.76,2.00
Eggs,1,2.59,3.00,3.00,3.00,2.99,3.19,3.00,3.85,2.99
